id,first_name,last_name,email,gender,department,salary,bonus,dateOfBirth
1,Gunther,Sarrell,gsarrell0@is.gd,Male,Research and Development,1647,,02/08/1999
2,York,Abrashkin,yabrashkin1@chicagotribune.com,Male,Support,1576,132,12/11/1987
3,Louisette,Yashin,lyashin2@sitemeter.com,Female,Engineering,1335,1072,07/03/2014
4,Shalna,Merryman,smerryman3@wp.com,Female,Business Development,4817,1820,06/02/1987
5,Giacobo,Betonia,gbetonia4@dell.com,Male,Business Development,5254,1691,05/05/2009
6,Nial,Seeler,nseeler5@hc360.com,Male,Services,1914,1931,12/05/2009
7,Heall,Warhurst,hwarhurst6@skype.com,Male,Human Resources,5735,1424,28/09/1982
8,Anatole,Tidbold,atidbold7@latimes.com,Male,Business Development,3515,1219,09/01/1990
9,Grace,Harbison,gharbison8@narod.ru,Male,Business Development,2380,444,30/08/1972
10,Minni,Tulloch,mtulloch9@lycos.com,Female,Training,2563,1659,26/09/1985
11,Katha,Hearons,khearonsa@list-manage.com,Female,Training,3799,,03/01/2002
12,Keith,Mairs,kmairsb@epa.gov,Male,Training,1783,1919,19/10/1997
13,Grant,Janos,gjanosc@biglobe.ne.jp,Male,Legal,4285,,16/06/2012
14,Guglielmo,Rubinovitch,grubinovitchd@yelp.com,Male,Accounting,1952,977,24/01/2007
15,Culley,Birchett,cbirchette@instagram.com,Male,Research and Development,5584,1047,22/04/2010
16,Cindee,Begg,cbeggf@unblog.fr,Female,Research and Development,2060,1271,12/07/1996
17,Irving,Banville,ibanvilleg@abc.net.au,Male,Accounting,1155,1609,21/02/1976
18,Rodolphe,Olyff,rolyffh@eepurl.com,Male,Research and Development,3818,,26/05/1989
19,Hy,Kittredge,hkittredgei@tinypic.com,Male,Research and Development,3462,427,27/02/2012
20,Darelle,Walls,dwallsj@squidoo.com,Female,Product Management,4287,,06/04/2009
21,Trixie,MacFaell,tmacfaellk@symantec.com,Female,Sales,5350,1885,19/04/1984
22,Teresa,Swapp,tswappl@yale.edu,Female,Accounting,5362,967,12/11/1981
23,Valera,Beal,vbealm@upenn.edu,Female,Training,3953,1332,17/05/1979
24,Carlos,Besnardeau,cbesnardeaun@istockphoto.com,Male,Research and Development,4216,,14/09/1986
25,Hestia,De Cruce,hdecruceo@freewebs.com,Female,Support,4043,1200,14/10/1986
26,Warner,Tedstone,wtedstonep@craigslist.org,Male,Sales,3653,1369,28/03/1987
27,Kory,Pfaffe,kpfaffeq@apple.com,Male,Product Management,5000,,13/06/1991
28,Bonnee,Suttie,bsuttier@cbslocal.com,Female,Human Resources,4225,,15/04/1985
29,Danyette,Rivelon,drivelons@creativecommons.org,Female,Support,2236,1200,25/05/1982
30,Benedicta,Aindrais,baindraist@mayoclinic.com,Female,Product Management,3520,1899,12/02/1992
31,Yoko,Umney,yumneyu@answers.com,Female,Business Development,4626,1797,10/09/2004
32,Tania,Barfoot,tbarfootv@cam.ac.uk,Female,Human Resources,5951,,23/03/2006
33,Pieter,Capsey,pcapseyw@nbcnews.com,Male,Legal,4852,757,08/05/1998
34,Sinclare,Roscher,sroscherx@delicious.com,Male,Marketing,3003,,27/01/1977
35,Elizabeth,Weins,eweinsy@storify.com,Female,Engineering,2868,1869,26/07/2002
36,Marcy,Andreone,mandreonez@gmpg.org,Female,Training,1476,1884,09/07/1971
37,Joan,Hawkslee,jhawkslee10@soup.io,Female,Training,5388,1550,03/12/1974
38,Justino,Scholz,jscholz11@nyu.edu,Male,Training,4093,1983,30/07/1993
39,Faber,Cumpsty,fcumpsty12@qq.com,Male,Product Management,3918,,02/09/1985
40,Lyon,Artindale,lartindale13@123-reg.co.uk,Male,Sales,5247,1638,16/08/2001
41,Ber,Hallgarth,bhallgarth14@mashable.com,Male,Training,1060,1970,02/03/1987
42,Em,Laity,elaity15@cyberchimps.com,Female,Training,3371,,25/07/1980
43,Nikolia,Hannay,nhannay16@wired.com,Female,Marketing,2646,,30/09/2010
44,Mignonne,Snassell,msnassell17@blogger.com,Female,Business Development,2210,1897,24/01/2006
45,Cyndie,Chalder,cchalder18@digg.com,Female,Marketing,4611,,06/01/1974
46,Nat,Sposito,nsposito19@alibaba.com,Male,Services,1168,293,08/12/2013
47,Oliviero,Leitch,oleitch1a@lycos.com,Male,Training,2951,,25/04/2013
48,Bertie,Treacher,btreacher1b@g.co,Male,Legal,1890,412,19/03/1985
49,Erhart,Bruhnke,ebruhnke1c@imdb.com,Male,Research and Development,1144,1097,15/11/1970
50,Maye,Maryan,mmaryan1d@yellowpages.com,Female,Accounting,4026,1637,28/08/2009
51,Yoko,Sywell,ysywell1e@bbb.org,Female,Accounting,3239,1971,24/06/1997
52,Randene,Pontain,rpontain1f@intel.com,Female,Business Development,1382,,13/08/1998
53,Bev,Poley,bpoley1g@wp.com,Male,Services,5733,510,15/04/2006
54,Valida,Brogi,vbrogi1h@vinaora.com,Female,Human Resources,4671,1974,03/08/1981
55,Granthem,Attwater,gattwater1i@nyu.edu,Male,Research and Development,3492,,21/05/2007
56,Rocky,Fetherstan,rfetherstan1j@google.de,Male,Sales,2441,698,15/04/2000
57,Rabi,Cominoli,rcominoli1k@ustream.tv,Male,Marketing,3500,972,05/12/1987
58,Cathleen,de Najera,cdenajera1l@squarespace.com,Female,Product Management,5512,702,13/04/2010
59,Shae,Sarl,ssarl1m@netlog.com,Male,Marketing,4116,,03/10/1989
60,Jessika,Hadingham,jhadingham1n@about.com,Female,Human Resources,3444,,25/01/1992
61,Hobard,Fenge,hfenge1o@tinyurl.com,Male,Research and Development,4532,424,16/05/1999
62,Adrea,Greeveson,agreeveson1p@ucoz.com,Female,Accounting,3971,973,24/12/1997
63,Nikolos,Ondrousek,nondrousek1q@toplist.cz,Male,Accounting,2441,,18/12/1987
64,Fredek,Redman,fredman1r@apache.org,Male,Training,2234,,22/12/2007
65,Kandy,Dupree,kdupree1s@miitbeian.gov.cn,Female,Training,1107,1992,26/12/1972
66,Floris,Auchterlony,fauchterlony1t@a8.net,Female,Product Management,5587,445,29/04/1998
67,Barn,Scheffel,bscheffel1u@printfriendly.com,Male,Business Development,1547,772,17/10/1975
68,Agnella,Gertz,agertz1v@blogger.com,Female,Training,5820,1685,15/07/1981
69,West,Verdie,wverdie1w@wunderground.com,Genderqueer,Support,2171,,21/12/2008
70,Vanya,Dickins,vdickins1x@homestead.com,Female,Marketing,1331,,25/05/1977
71,Ofella,Borgnol,oborgnol1y@oaic.gov.au,Female,Engineering,1944,,16/02/1971
72,Daune,Durning,ddurning1z@imdb.com,Female,Human Resources,1880,1828,01/01/1983
73,Neila,Lambole,nlambole20@eepurl.com,Female,Sales,3166,1540,10/06/2009
74,Janith,Phillippo,jphillippo21@dailymail.co.uk,Female,Engineering,1057,204,01/02/1976
75,Deck,Craney,dcraney22@chronoengine.com,Male,Sales,2381,367,11/10/1998
76,Jacinda,Blockey,jblockey23@gmpg.org,Female,Accounting,5244,1392,03/09/1996
77,Carolynn,Keysall,ckeysall24@4shared.com,Polygender,Business Development,5279,,07/01/1982
78,Corbet,Wiskar,cwiskar25@illinois.edu,Male,Business Development,5077,498,16/06/2002
79,Roderigo,Mosco,rmosco26@aboutads.info,Male,Human Resources,4514,,14/11/1996
80,Hagan,Housen,hhousen27@sun.com,Male,Product Management,3039,,28/01/1970
81,Antonina,O'Keaveny,aokeaveny28@examiner.com,Genderfluid,Business Development,1257,324,16/08/2012
82,Ingra,Riddle,iriddle29@time.com,Male,Training,4072,554,05/07/1976
83,Priscella,Bruster,pbruster2a@topsy.com,Female,Human Resources,2433,1106,29/01/2002
84,Nani,Gianuzzi,ngianuzzi2b@furl.net,Female,Support,1453,1416,09/08/2011
85,Goldarina,Daft,gdaft2c@kickstarter.com,Female,Services,1154,1900,20/01/2010
86,Homere,Ozintsev,hozintsev2d@elpais.com,Agender,Business Development,5648,966,17/11/1986
87,Doll,Kilty,dkilty2e@skyrock.com,Female,Accounting,3499,,13/07/1989
88,Aubree,Marwick,amarwick2f@reddit.com,Female,Sales,1724,,19/03/1986
89,Lidia,Butter,lbutter2g@tripadvisor.com,Female,Human Resources,4918,1853,15/11/1985
90,Lucy,Chalmers,lchalmers2h@bbb.org,Female,Research and Development,1275,817,31/03/1981
91,Layney,oldey,loldey2i@geocities.jp,Non-binary,Sales,4713,1907,26/08/1974
92,Agathe,Selwin,aselwin2j@twitter.com,Female,Legal,5264,,16/01/1992
93,Alan,Pott,apott2k@newsvine.com,Male,Engineering,5539,,18/11/1975
94,Stefanie,Canet,scanet2l@state.tx.us,Female,Sales,2853,1565,22/02/2006
95,Kimbell,Bartelot,kbartelot2m@gnu.org,Male,Research and Development,1654,152,29/11/2006
96,Byram,Bewshaw,bbewshaw2n@princeton.edu,Male,Sales,5242,,22/01/1997
97,Xenos,Shiril,xshiril2o@java.com,Male,Research and Development,4864,1095,11/05/1986
98,Rebeka,Chisholm,rchisholm2p@smh.com.au,Bigender,Human Resources,1484,1349,17/07/2002
99,Ediva,French,efrench2q@slate.com,Female,Support,3259,1087,11/08/1991
100,Jacquelynn,Oager,joager2r@epa.gov,Female,Marketing,4898,,10/04/1975
